<?xml version="1.0" encoding="UTF-8"?>
<GenRun Id="synth_1" LaunchPart="xc7a35ticsg324-1L" LaunchTime="1505757778">
  <File Type="RDS-PROPCONSTRS" Name="Lab01_0516320_drc_synth.rpt"/>
  <File Type="PA-TCL" Name="Lab01_0516320.tcl"/>
  <File Type="RDS-RDS" Name="Lab01_0516320.vds"/>
  <File Type="RDS-UTIL" Name="Lab01_0516320_utilization_synth.rpt"/>
  <File Type="RDS-UTIL-PB" Name="Lab01_0516320_utilization_synth.pb"/>
  <File Type="RDS-DCP" Name="Lab01_0516320.dcp"/>
  <File Type="VDS-TIMINGSUMMARY" Name="Lab01_0516320_timing_summary_synth.rpt"/>
  <File Type="VDS-TIMING-PB" Name="Lab01_0516320_timing_summary_synth.pb"/>
  <FileSet Name="sources" Type="DesignSrcs" RelSrcDir="$PSRCDIR/sources_1">
    <Filter Type="Srcs"/>
    <File Path="$PSRCDIR/sources_1/new/Lab01_0516320.v">
      <FileInfo>
        <Attr Name="UsedIn" Val="synthesis"/>
        <Attr Name="UsedIn" Val="implementation"/>
        <Attr Name="UsedIn" Val="simulation"/>
      </FileInfo>
    </File>
    <Config>
      <Option Name="DesignMode" Val="RTL"/>
      <Option Name="TopModule" Val="Lab01_0516320"/>
      <Option Name="TopAutoSet" Val="TRUE"/>
    </Config>
  </FileSet>
  <FileSet Name="constrs_in" Type="Constrs" RelSrcDir="$PSRCDIR/constrs_1">
    <Filter Type="Constrs"/>
    <Config>
      <Option Name="ConstrsType" Val="XDC"/>
    </Config>
  </FileSet>
  <Strategy Version="1" Minor="2">
    <StratHandle Name="Vivado Synthesis Defaults" Flow="Vivado Synthesis 2017">
      <Desc>Vivado Synthesis Defaults</Desc>
    </StratHandle>
    <Step Id="synth_design"/>
  </Strategy>
</GenRun>
